<?xml version="1.0" encoding="UTF-8"?>
<project-private xmlns="http://www.netbeans.org/ns/project-private/1">
    <editor-bookmarks xmlns="http://www.netbeans.org/ns/editor-bookmarks/1"/>
    <editor-bookmarks xmlns="http://www.netbeans.org/ns/editor-bookmarks/2" lastBookmarkId="0"/>
    <open-files xmlns="http://www.netbeans.org/ns/projectui-open-files/1">
        <file>file:/G:/JavaSocNet/src/javasocnet/JavaSocNet.java</file>
        <file>file:/G:/JavaSocNet/src/dao/DriverManagerDAOJDBCFactory.java</file>
        <file>file:/G:/JavaSocNet/src/model/Student.java</file>
        <file>file:/G:/JavaSocNet/src/model/Group.java</file>
        <file>file:/G:/JavaSocNet/src/dao/StudentDAO.java</file>
        <file>file:/G:/JavaSocNet/src/dao/GroupDAO.java</file>
        <file>file:/G:/JavaSocNet/src/dao/StudentDAOJDBC.java</file>
        <file>file:/G:/JavaSocNet/src/dao/DAOFactory.java</file>
        <file>file:/G:/JavaSocNet/src/dao/DataSourceDAOJDBCFactory.java</file>
    </open-files>
</project-private>
